ID;Nom;Image
1;ALKPOTE;alkpote.jpg
2;ALPHA WANN;alpha-wann.png
3;BIGFLO & OLI;bigflo-oli.png
4;BOOBA;booba.jpg
5;COLUMBINE;columbine.jpg
6;DAMSO;damso.webp
7;FREEZE CORLEONE;freeze-corleone.jpg
8;GUIZMO;guizmo.jpeg
9;HAMZA;hamza.jpg
10;HUGO TSR;hugo-tsr.jpg
11;IAM;iam.jpg
12;JOK'AIR;jok-air.png
13;JUL;jul.jpg
14;KAARIS;kaaris.jpg
15;KERY JAMES;kery-james.jpg
16;KOBA LAD;koba-lad.jpg
17;LEFA;lefa.jpg
18;LOMEPAL;lomepal.jpg
19;LORENZO;lorenzo.jpg
20;MAÎTRE GIMS;maitre-gims.jpg
21;NEKFEU;nekfeu.jpg
22;NINHO;ninho.jpg
23;NISKA;niska.png
24;NTM;ntm.png
25;ORELSAN;orelsan.jpg
26;PLK;plk.jpg
27;PNL;pnl.jpg
28;ROMÉO ELVIS;romeo-elvis.png
29;SCH;sch.jpg
30;SOFIANE;sofiane.jpg
31;VALD;vald.jpg
32;ZOLA;zola.jpg